bits,alpha,symbol,probability,code,length
1,0.000000,-1.000000,0.033744,10,2
1,0.000000,0.000000,0.932514,0,1
1,0.000000,1.000000,0.033742,11,2
1,0.100000,-1.000000,0.049820,10,2
1,0.100000,0.000000,0.900363,0,1
1,0.100000,1.000000,0.049818,11,2
1,0.200000,-1.000000,0.074542,10,2
1,0.200000,0.000000,0.850917,0,1
1,0.200000,1.000000,0.074541,11,2
1,0.300000,-1.000000,0.101657,10,2
1,0.300000,0.000000,0.796688,0,1
1,0.300000,1.000000,0.101655,11,2
1,0.400000,-1.000000,0.128511,10,2
1,0.400000,0.000000,0.742979,0,1
1,0.400000,1.000000,0.128510,11,2
1,0.500000,-1.000000,0.153470,10,2
1,0.500000,0.000000,0.693062,0,1
1,0.500000,1.000000,0.153468,11,2
1,0.600000,-1.000000,0.176470,10,2
1,0.600000,0.000000,0.647063,0,1
1,0.600000,1.000000,0.176467,11,2
1,0.700000,-1.000000,0.196079,10,2
1,0.700000,0.000000,0.607843,0,1
1,0.700000,1.000000,0.196078,11,2
1,0.800000,-1.000000,0.212205,10,2
1,0.800000,0.000000,0.575591,0,1
1,0.800000,1.000000,0.212204,11,2
1,0.900000,-1.000000,0.224782,11,2
1,0.900000,0.000000,0.550436,0,1
1,0.900000,1.000000,0.224782,10,2
1,1.000000,-1.000000,0.233482,11,2
1,1.000000,0.000000,0.533036,0,1
1,1.000000,1.000000,0.233482,10,2
2,0.000000,-1.500000,0.000000,101111,6
2,0.000000,-1.000000,0.000002,1010,4
2,0.000000,-0.500000,0.034791,11,2
2,0.000000,0.000000,0.930414,0,1
2,0.000000,0.500000,0.034791,100,3
2,0.000000,1.000000,0.000002,10110,5
2,0.000000,1.500000,0.000000,101110,6
2,0.100000,-1.500000,0.000000,101111,6
2,0.100000,-1.000000,0.000002,1010,4
2,0.100000,-0.500000,0.046539,100,3
2,0.100000,0.000000,0.906919,0,1
2,0.100000,0.500000,0.046539,11,2
2,0.100000,1.000000,0.000002,10110,5
2,0.100000,1.500000,0.000000,101110,6
2,0.200000,-1.500000,0.000000,101111,6
2,0.200000,-1.000000,0.000003,1010,4
2,0.200000,-0.500000,0.065728,11,2
2,0.200000,0.000000,0.868539,0,1
2,0.200000,0.500000,0.065728,100,3
2,0.200000,1.000000,0.000002,10110,5
2,0.200000,1.500000,0.000000,101110,6
2,0.300000,-1.500000,0.000000,101111,6
2,0.300000,-1.000000,0.000003,1010,4
2,0.300000,-0.500000,0.087617,11,2
2,0.300000,0.000000,0.824762,0,1
2,0.300000,0.500000,0.087616,100,3
2,0.300000,1.000000,0.000002,10110,5
2,0.300000,1.500000,0.000000,101110,6
2,0.400000,-1.500000,0.000000,101111,6
2,0.400000,-1.000000,0.000003,1010,4
2,0.400000,-0.500000,0.110494,100,3
2,0.400000,0.000000,0.779005,0,1
2,0.400000,0.500000,0.110497,11,2
2,0.400000,1.000000,0.000002,10110,5
2,0.400000,1.500000,0.000000,101110,6
2,0.500000,-1.500000,0.000000,101111,6
2,0.500000,-1.000000,0.000004,10110,5
2,0.500000,-0.500000,0.132938,11,2
2,0.500000,0.000000,0.734117,0,1
2,0.500000,0.500000,0.132937,100,3
2,0.500000,1.000000,0.000004,1010,4
2,0.500000,1.500000,0.000000,101110,6
2,0.600000,-1.500000,0.000000,101111,6
2,0.600000,-1.000000,0.000006,1010,4
2,0.600000,-0.500000,0.154566,100,3
2,0.600000,0.000000,0.690856,0,1
2,0.600000,0.500000,0.154568,11,2
2,0.600000,1.000000,0.000005,10110,5
2,0.600000,1.500000,0.000000,101110,6
2,0.700000,-1.500000,0.000000,101111,6
2,0.700000,-1.000000,0.000010,1010,4
2,0.700000,-0.500000,0.174276,100,3
2,0.700000,0.000000,0.651428,0,1
2,0.700000,0.500000,0.174277,11,2
2,0.700000,1.000000,0.000008,10110,5
2,0.700000,1.500000,0.000000,101110,6
2,0.800000,-1.500000,0.000000,101111,6
2,0.800000,-1.000000,0.000012,10110,5
2,0.800000,-0.500000,0.191637,11,2
2,0.800000,0.000000,0.616704,0,1
2,0.800000,0.500000,0.191634,100,3
2,0.800000,1.000000,0.000013,1010,4
2,0.800000,1.500000,0.000000,101110,6
2,0.900000,-1.500000,0.000000,101111,6
2,0.900000,-1.000000,0.000025,1010,4
2,0.900000,-0.500000,0.207148,100,3
2,0.900000,0.000000,0.585649,0,1
2,0.900000,0.500000,0.207160,11,2
2,0.900000,1.000000,0.000019,10110,5
2,0.900000,1.500000,0.000000,101110,6
2,1.000000,-1.500000,0.000000,101111,6
2,1.000000,-1.000000,0.000044,10110,5
2,1.000000,-0.500000,0.219446,11,2
2,1.000000,0.000000,0.561026,0,1
2,1.000000,0.500000,0.219434,100,3
2,1.000000,1.000000,0.000051,1010,4
2,1.000000,1.500000,0.000000,101110,6
3,0.000000,-1.750000,0.000000,10101111111111,14
3,0.000000,-1.500000,0.000000,10101111111110,14
3,0.000000,-1.250000,0.000000,1010111111110,13
3,0.000000,-1.000000,0.000000,101011111110,12
3,0.000000,-0.750000,0.000004,1010110,7
3,0.000000,-0.500000,0.000183,10100,5
3,0.000000,-0.250000,0.039769,11,2
3,0.000000,0.000000,0.920093,0,1
3,0.000000,0.250000,0.039760,100,3
3,0.000000,0.500000,0.000185,1011,4
3,0.000000,0.750000,0.000005,101010,6
3,0.000000,1.000000,0.000000,10101111110,11
3,0.000000,1.250000,0.000000,1010111110,10
3,0.000000,1.500000,0.000000,101011110,9
3,0.000000,1.750000,0.000000,10101110,8
3,0.100000,-1.750000,0.000000,10101111111111,14
3,0.100000,-1.500000,0.000000,10101111111110,14
3,0.100000,-1.250000,0.000000,1010111111110,13
3,0.100000,-1.000000,0.000000,101011111110,12
3,0.100000,-0.750000,0.000004,1010110,7
3,0.100000,-0.500000,0.000184,10100,5
3,0.100000,-0.250000,0.047745,11,2
3,0.100000,0.000000,0.904141,0,1
3,0.100000,0.250000,0.047736,100,3
3,0.100000,0.500000,0.000186,1011,4
3,0.100000,0.750000,0.000005,101010,6
3,0.100000,1.000000,0.000000,10101111110,11
3,0.100000,1.250000,0.000000,1010111110,10
3,0.100000,1.500000,0.000000,101011110,9
3,0.100000,1.750000,0.000000,10101110,8
3,0.200000,-1.750000,0.000000,10101111111111,14
3,0.200000,-1.500000,0.000000,10101111111110,14
3,0.200000,-1.250000,0.000000,1010111111110,13
3,0.200000,-1.000000,0.000000,101011111110,12
3,0.200000,-0.750000,0.000004,1010110,7
3,0.200000,-0.500000,0.000185,10100,5
3,0.200000,-0.250000,0.062742,11,2
3,0.200000,0.000000,0.874144,0,1
3,0.200000,0.250000,0.062730,100,3
3,0.200000,0.500000,0.000188,1011,4
3,0.200000,0.750000,0.000006,101010,6
3,0.200000,1.000000,0.000000,10101111110,11
3,0.200000,1.250000,0.000000,1010111110,10
3,0.200000,1.500000,0.000000,101011110,9
3,0.200000,1.750000,0.000000,10101110,8
3,0.300000,-1.750000,0.000000,10101111111111,14
3,0.300000,-1.500000,0.000000,10101111111110,14
3,0.300000,-1.250000,0.000000,1010111111110,13
3,0.300000,-1.000000,0.000000,101011111110,12
3,0.300000,-0.750000,0.000004,1010110,7
3,0.300000,-0.500000,0.000192,1011,4
3,0.300000,-0.250000,0.080506,11,2
3,0.300000,0.000000,0.838600,0,1
3,0.300000,0.250000,0.080501,100,3
3,0.300000,0.500000,0.000191,10100,5
3,0.300000,0.750000,0.000006,101010,6
3,0.300000,1.000000,0.000000,10101111110,11
3,0.300000,1.250000,0.000000,1010111110,10
3,0.300000,1.500000,0.000000,101011110,9
3,0.300000,1.750000,0.000000,10101110,8
3,0.400000,-1.750000,0.000000,10101111111111,14
3,0.400000,-1.500000,0.000000,10101111111110,14
3,0.400000,-1.250000,0.000000,1010111111110,13
3,0.400000,-1.000000,0.000000,101011111110,12
3,0.400000,-0.750000,0.000004,1010110,7
3,0.400000,-0.500000,0.000200,1011,4
3,0.400000,-0.250000,0.099478,11,2
3,0.400000,0.000000,0.800640,0,1
3,0.400000,0.250000,0.099477,100,3
3,0.400000,0.500000,0.000196,10100,5
3,0.400000,0.750000,0.000006,101010,6
3,0.400000,1.000000,0.000000,10101111110,11
3,0.400000,1.250000,0.000000,1010111110,10
3,0.400000,1.500000,0.000000,101011110,9
3,0.400000,1.750000,0.000000,10101110,8
3,0.500000,-1.750000,0.000000,10101111111111,14
3,0.500000,-1.500000,0.000000,10101111111110,14
3,0.500000,-1.250000,0.000000,1010111111110,13
3,0.500000,-1.000000,0.000000,101011111110,12
3,0.500000,-0.750000,0.000005,1010110,7
3,0.500000,-0.500000,0.000212,1011,4
3,0.500000,-0.250000,0.119218,100,3
3,0.500000,0.000000,0.761130,0,1
3,0.500000,0.250000,0.119220,11,2
3,0.500000,0.500000,0.000209,10100,5
3,0.500000,0.750000,0.000006,101010,6
3,0.500000,1.000000,0.000000,10101110,8
3,0.500000,1.250000,0.000000,10101111110,11
3,0.500000,1.500000,0.000000,1010111110,10
3,0.500000,1.750000,0.000000,101011110,9
3,0.600000,-1.750000,0.000000,10101111111111,14
3,0.600000,-1.500000,0.000000,10101111111110,14
3,0.600000,-1.250000,0.000000,1010111111110,13
3,0.600000,-1.000000,0.000000,101011110,9
3,0.600000,-0.750000,0.000006,1010110,7
3,0.600000,-0.500000,0.000233,10100,5
3,0.600000,-0.250000,0.138832,11,2
3,0.600000,0.000000,0.721863,0,1
3,0.600000,0.250000,0.138820,100,3
3,0.600000,0.500000,0.000238,1011,4
3,0.600000,0.750000,0.000007,101010,6
3,0.600000,1.000000,0.000000,10101110,8
3,0.600000,1.250000,0.000000,101011111110,12
3,0.600000,1.500000,0.000000,10101111110,11
3,0.600000,1.750000,0.000000,1010111110,10
3,0.700000,-1.750000,0.000000,10101111111111,14
3,0.700000,-1.500000,0.000000,10101111111110,14
3,0.700000,-1.250000,0.000000,1010111111110,13
3,0.700000,-1.000000,0.000000,101011110,9
3,0.700000,-0.750000,0.000007,1010110,7
3,0.700000,-0.500000,0.000268,1011,4
3,0.700000,-0.250000,0.157857,11,2
3,0.700000,0.000000,0.683740,0,1
3,0.700000,0.250000,0.157852,100,3
3,0.700000,0.500000,0.000268,10100,5
3,0.700000,0.750000,0.000008,101010,6
3,0.700000,1.000000,0.000000,10101110,8
3,0.700000,1.250000,0.000000,101011111110,12
3,0.700000,1.500000,0.000000,10101111110,11
3,0.700000,1.750000,0.000000,1010111110,10
3,0.800000,-1.750000,0.000000,10101111111111,14
3,0.800000,-1.500000,0.000000,10101111111110,14
3,0.800000,-1.250000,0.000000,1010111111110,13
3,0.800000,-1.000000,0.000000,10101110,8
3,0.800000,-0.750000,0.000007,1010110,7
3,0.800000,-0.500000,0.000328,10100,5
3,0.800000,-0.250000,0.175988,11,2
3,0.800000,0.000000,0.647357,0,1
3,0.800000,0.250000,0.175979,100,3
3,0.800000,0.500000,0.000331,1011,4
3,0.800000,0.750000,0.000008,101010,6
3,0.800000,1.000000,0.000000,101011111110,12
3,0.800000,1.250000,0.000000,10101111110,11
3,0.800000,1.500000,0.000000,1010111110,10
3,0.800000,1.750000,0.000000,101011110,9
3,0.900000,-1.750000,0.000000,10101111111111,14
3,0.900000,-1.500000,0.000000,10101111111110,14
3,0.900000,-1.250000,0.000000,1010111111110,13
3,0.900000,-1.000000,0.000000,101011111110,12
3,0.900000,-0.750000,0.000011,101010,6
3,0.900000,-0.500000,0.000402,10100,5
3,0.900000,-0.250000,0.192818,100,3
3,0.900000,0.000000,0.613539,0,1
3,0.900000,0.250000,0.192819,11,2
3,0.900000,0.500000,0.000404,1011,4
3,0.900000,0.750000,0.000007,1010110,7
3,0.900000,1.000000,0.000000,10101110,8
3,0.900000,1.250000,0.000000,10101111110,11
3,0.900000,1.500000,0.000000,1010111110,10
3,0.900000,1.750000,0.000000,101011110,9
3,1.000000,-1.750000,0.000000,10101111111111,14
3,1.000000,-1.500000,0.000000,10101111111110,14
3,1.000000,-1.250000,0.000000,1010111111110,13
3,1.000000,-1.000000,0.000000,101011110,9
3,1.000000,-0.750000,0.000013,1010110,7
3,1.000000,-0.500000,0.000549,10100,5
3,1.000000,-0.250000,0.208096,11,2
3,1.000000,0.000000,0.582697,0,1
3,1.000000,0.250000,0.208070,100,3
3,1.000000,0.500000,0.000559,1011,4
3,1.000000,0.750000,0.000015,101010,6
3,1.000000,1.000000,0.000001,10101110,8
3,1.000000,1.250000,0.000000,101011111110,12
3,1.000000,1.500000,0.000000,10101111110,11
3,1.000000,1.750000,0.000000,1010111110,10
